id;name;content;date;jhi_like
1;give;torn regarding bob;2025-01-13;3203
2;unless dilate;excluding till across;2025-01-12;13041
3;avaricious turbulent;giggle upbeat without;2025-01-13;453
4;male;during for;2025-01-12;20344
5;adviser;where;2025-01-13;18482
6;swing;stealthily minus soon;2025-01-13;14995
7;besides justly ugh;motor before;2025-01-13;25957
8;or softly fortunately;against unaccountably kookily;2025-01-13;24107
9;augment duh;realistic space yowza;2025-01-13;26876
10;guide;badly awkwardly jell;2025-01-13;31058
